feature_id,name,category,ic,icir,t_stat,p_value,fdr_p,hit_rate,sharpe,stability,nonlinear_r2,n_obs,passed
hurst_120d,Hurst 120日,L,-0.0624,-31.244,-1.76,0.0791,0.3344,0.4775,-0.484,0.002,0.0016,400,False
mom_rank_100d,动量排名 100日分位,S,-0.4766,-4.766,-5.767,0.0,0.0,0.3366,-3.35,0.1,0.0041,101,True
vol_ratio_10_50,量比(10/50),F,-0.2737,-3.05,-3.603,0.0004,0.0101,0.4149,-1.756,0.0897,0.0548,376,True
vol_ratio_5_50,量比(5/50),F,-0.2293,-2.722,-4.356,0.0,0.0,0.4309,-1.447,0.0842,0.0227,376,True
vol_change_10d,10日波动率变化,B,-0.2134,-1.844,-2.921,0.0037,0.0543,0.399,-1.502,0.1157,0.0118,381,True
ma_dist_20_60,MA20/60距离,D,-0.0915,-1.772,-1.447,0.1487,0.4998,0.4933,-0.934,0.0517,0.0028,371,False
body_ratio_20d,实体比20日,M,-0.2068,-1.675,-4.087,0.0001,0.0047,0.4425,-1.677,0.1234,0.0012,391,True
vol_trend_10d,10日量趋势,F,-0.1201,-1.553,-3.187,0.0016,0.0319,0.4425,-0.819,0.0773,0.016,400,True
obv_accel_10d,OBV加速度 10日,Q,-0.1325,-1.54,-2.113,0.0353,0.201,0.4395,-0.679,0.086,0.0012,380,False
tail_events_60d_3s,60日3σ尾部,C,-0.1563,-1.475,-2.64,0.0086,0.0827,0.4075,-1.63,0.1059,0.0853,400,True
vol_trend_20d,20日量趋势,F,-0.1548,-1.433,-3.259,0.0012,0.0258,0.4525,-1.292,0.108,0.0018,400,True
vol_trend_50d,50日量趋势,F,-0.1981,-1.425,-3.515,0.0005,0.0116,0.4375,-1.62,0.139,0.0168,400,True
vol_ratio_5_20,量比(5/20),F,-0.1511,-1.362,-3.757,0.0002,0.007,0.4578,-1.224,0.1109,0.0003,391,True
rsi21_vol_ratio,RSI21×量比,K,-0.2121,-1.33,-3.776,0.0002,0.008,0.4041,-1.676,0.1594,0.0001,391,True
skew_60d,60日偏度,C,0.1094,1.231,2.166,0.031,0.1922,0.4927,0.297,0.0889,0.002,341,False
vol_concentration_10d,量集中度 10日,R,-0.0686,-1.12,-1.643,0.1011,0.3918,0.4575,-0.299,0.0613,0.0108,400,False
autocorr_20d,自相关lag20,L,-0.1467,-1.084,-3.001,0.0029,0.0506,0.4501,-0.766,0.1353,0.0089,371,True
skew_20d,20日偏度,C,0.1244,1.072,2.102,0.0362,0.202,0.5407,0.828,0.1161,0.0308,381,False
tail_events_20d_3s,20日3σ尾部,C,-0.1217,-1.048,-1.406,0.1604,0.5144,0.46,-0.875,0.1162,0.0,400,False
vol_change_20d,20日波动率变化,B,-0.205,-1.018,-4.208,0.0,0.0,0.4232,-1.566,0.2015,0.0051,371,True
body_ratio_5d,实体比5日,M,-0.0869,-1.013,-1.204,0.2292,0.5976,0.4461,-0.634,0.0858,0.0151,399,False
ema_dist_100,EMA100距离,D,-0.0613,-0.985,-0.768,0.4432,0.7633,0.4815,-0.117,0.0622,0.0012,351,False
path_smoothness_20d,路径平滑度 20日,S,-0.1696,-0.984,-3.857,0.0001,0.007,0.4476,-1.19,0.1723,0.0042,391,True
autocorr_1d,自相关lag1,L,-0.1004,-0.968,-2.039,0.0422,0.218,0.4447,-0.53,0.1037,0.0001,371,False
obv_mom_10d,OBV动量10日,F,-0.1818,-0.931,-2.808,0.0052,0.0659,0.4667,-1.619,0.1954,0.0114,390,True
obv_roc_10d,OBV ROC 10日,Q,-0.1818,-0.931,-2.808,0.0052,0.0631,0.4667,-1.619,0.1954,0.0114,390,True
vol_concentration_20d,量集中度 20日,R,-0.1192,-0.835,-2.617,0.0092,0.0856,0.445,-0.517,0.1428,0.015,400,True
body_ratio_10d,实体比10日,M,-0.1266,-0.822,-2.259,0.0244,0.1583,0.4116,-0.919,0.1541,0.0072,396,False
vol_price_div_10d,10日量价背离,F,0.093,0.807,2.301,0.0219,0.1528,0.5225,0.654,0.1152,0.0048,400,False
sharpe_60d,60日滚动Sharpe,A,-0.0728,-0.796,-0.854,0.3937,0.7226,0.4555,-0.12,0.0915,0.0042,371,False
obv_ma_cross_5_20,OBV MA5/20交叉,Q,-0.1769,-0.791,-3.661,0.0003,0.0084,0.4399,-1.702,0.2236,0.0205,391,True
ret_dispersion_20d,收益离散度 20日,S,0.123,0.766,2.329,0.0204,0.1459,0.509,1.182,0.1607,0.0006,391,False
ma_slope_100,MA100斜率,D,-0.1569,-0.715,-1.606,0.1092,0.4174,0.4624,-0.436,0.2195,0.002,346,False
rsi14_vol_ratio,RSI14×量比,K,-0.1415,-0.704,-2.343,0.0196,0.1439,0.4476,-0.513,0.2009,0.0001,391,False
vol_concentration_5d,量集中度 5日,R,0.0744,0.691,0.996,0.3198,0.6609,0.5425,0.556,0.1076,0.0005,400,False
obv_price_confirm_5d,OBV确认5日,K,0.1126,0.685,2.714,0.0069,0.0688,0.5089,1.124,0.1643,0.0064,395,True
vol_5d,5日波动率,B,-0.1065,-0.674,-1.537,0.125,0.4359,0.4662,-0.707,0.1581,0.0042,399,False
obv_accel_5d,OBV加速度 5日,Q,0.075,0.648,0.469,0.6393,0.8874,0.541,0.378,0.1157,0.0,390,False
autocorr_3d,自相关lag3,L,-0.1603,-0.635,-2.756,0.0061,0.0709,0.442,-0.917,0.2523,0.0169,371,True
squeeze_20d,Squeeze20日,M,-0.1745,-0.635,-3.767,0.0002,0.0062,0.4375,-1.335,0.2749,0.0002,400,True
skew_120d,120日偏度,C,0.1693,0.628,2.764,0.0061,0.0681,0.5979,1.244,0.2697,0.0005,281,True
squeeze_10d,Squeeze10日,M,-0.1706,-0.611,-3.876,0.0001,0.0056,0.435,-1.26,0.2791,0.0002,400,True
ma_slope_50,MA50斜率,D,-0.0914,-0.591,-1.539,0.1246,0.44,0.4717,-0.148,0.1546,0.0143,371,False
ma_dist_20_100,MA20/100距离,D,-0.1173,-0.586,-2.274,0.0235,0.1561,0.4644,-1.169,0.2002,0.0024,351,False
range_pct_5d,5日振幅,B,-0.1057,-0.583,-2.123,0.0344,0.2,0.4712,-0.313,0.1815,0.003,399,False
vol_direction_20d,量方向 20日,R,-0.036,-0.581,-0.439,0.6608,0.8993,0.4725,-0.07,0.062,0.0018,400,False
large_order_20d_2s,20日大单2σ,F,-0.1116,-0.564,-1.293,0.1967,0.5434,0.4125,-0.184,0.1979,0.0146,400,False
bb_width_20_2,"BB带宽(20,2)",E,-0.1495,-0.563,-1.918,0.0559,0.2689,0.4731,-1.008,0.2654,0.0194,391,False
bb_width_20_1.5,"BB带宽(20,1.5)",E,-0.1495,-0.563,-1.918,0.0559,0.2643,0.4731,-1.008,0.2654,0.0194,391,False
up_down_ratio_10d,涨跌比10日,N,-0.1131,-0.55,-2.518,0.0122,0.1031,0.4825,-0.96,0.2057,0.0011,400,False
mom_90d,90日动量,A,-0.1014,-0.536,-1.362,0.1741,0.5167,0.48,0.187,0.1893,0.0013,400,False
rsi_21,RSI(21),E,-0.1106,-0.536,-2.844,0.0047,0.0656,0.4675,-0.352,0.2062,0.0075,400,True
mom_accel_20d_100d,20-100日动量差,A,0.0983,0.514,2.017,0.0444,0.2252,0.5125,0.184,0.1911,0.0147,400,False
consecutive_up,连涨天数,A,-0.0584,-0.511,-1.827,0.0684,0.2982,0.4775,-0.131,0.1143,0.0092,400,False
obv_price_confirm_20d,OBV确认20日,K,0.0652,0.511,1.782,0.0756,0.3245,0.5,0.689,0.1274,0.0006,380,False
consecutive_down,连跌天数,A,0.0585,0.503,1.255,0.2104,0.5699,0.53,0.474,0.1163,0.0003,400,False
rsi_30,RSI(30),E,-0.077,-0.498,-2.123,0.0344,0.2042,0.45,-0.22,0.1546,0.003,400,False
vol_direction_5d,量方向 5日,R,-0.0733,-0.486,-2.068,0.0393,0.215,0.465,0.064,0.1509,0.0019,400,False
hurst_60d,Hurst 60日,L,-0.124,-0.475,-2.381,0.0178,0.1342,0.48,-0.576,0.2612,0.0002,400,False
vol_cone_20d,波动率锥20日,B,-0.0886,-0.462,-1.969,0.0497,0.2476,0.435,-0.743,0.1917,0.0072,400,False
large_order_50d_2s,50日大单2σ,F,-0.1392,-0.458,-2.938,0.0035,0.0542,0.455,-0.857,0.3041,0.0739,400,True
mom_accel_30d_90d,30-90日动量差,A,0.0932,0.449,1.688,0.0923,0.3732,0.4875,0.613,0.2079,0.0016,400,False
skew_kurt_20d,偏度×峰度20,K,0.0649,0.436,0.107,0.9149,1.0,0.5249,0.16,0.1486,0.0133,381,False
up_down_ratio_20d,涨跌比20日,N,-0.0531,-0.435,-0.524,0.6003,0.8769,0.52,-0.216,0.122,0.0003,400,False
up_down_ratio_5d,涨跌比5日,N,-0.0661,-0.434,-1.924,0.0551,0.2697,0.5,-0.21,0.1522,0.0062,400,False
ma_cross_100_200,MA100/200交叉,D,-0.095,-0.433,-1.111,0.2676,0.617,0.4884,-0.008,0.2196,0.0001,301,False
vol_60d,60日波动率,B,0.104,0.422,2.202,0.0283,0.1794,0.5687,0.692,0.2463,0.0001,371,False
ma_dist_50_100,MA50/100距离,D,-0.1334,-0.414,-2.548,0.0113,0.1017,0.4729,-0.826,0.3224,0.0,351,False
vol_10d,10日波动率,B,-0.0877,-0.41,-1.342,0.1803,0.5186,0.4848,-0.585,0.214,0.0023,396,False
near_low_120d,近120日低,M,-0.0853,-0.407,-0.553,0.5808,0.8665,0.4282,-0.465,0.2095,0.0287,341,False
mfi_change_7,MFI(7)变化,P,0.0659,0.404,1.343,0.1802,0.5237,0.5013,0.593,0.1634,0.0025,391,False
mom5d_vol60d,动量5×波60,K,0.0505,0.402,1.56,0.1197,0.4282,0.5067,0.406,0.1257,0.0111,371,False
co_ratio_50d,收/开比50日,N,-0.0703,-0.402,-1.287,0.1989,0.544,0.4654,0.096,0.1751,0.031,376,False
vol_direction_10d,量方向 10日,R,-0.0781,-0.4,-2.734,0.0065,0.0697,0.4925,-0.254,0.1955,0.0067,400,True
max_dd_20d,20日最大回撤,A,0.0801,0.399,2.413,0.0163,0.1338,0.5275,0.77,0.2007,0.0028,400,False
vwap_slope_10d,VWAP斜率 10日,P,-0.0554,-0.395,-0.173,0.8629,1.0,0.4814,-0.345,0.1401,0.0011,376,False
vol_90d,90日波动率,B,0.0852,0.393,2.38,0.0178,0.138,0.5365,0.565,0.2169,0.0613,356,False
range_pct_10d,10日振幅,B,-0.0749,-0.384,-1.024,0.3066,0.653,0.5,-0.45,0.1949,0.0054,396,False
vol_price_div_20d,20日量价背离,F,0.0778,0.381,1.737,0.0832,0.3465,0.515,0.414,0.2041,0.0034,400,False
path_smoothness_10d,路径平滑度 10日,S,-0.0711,-0.381,-1.844,0.066,0.3019,0.4924,-0.401,0.1865,0.0023,396,False
parkinson_vol_10d,Parkinson 10日,B,-0.0681,-0.379,-1.121,0.2629,0.6112,0.5051,-0.396,0.1799,0.0025,396,False
mfi_change_21,MFI(21)变化,P,-0.0333,-0.376,-0.637,0.5248,0.8367,0.4907,-0.246,0.0887,0.0047,377,False
mom50d_vol20d,动量50×波20,K,-0.0785,-0.373,-1.307,0.1919,0.5408,0.4629,0.263,0.2107,0.0118,391,False
vol_14d,14日波动率,B,-0.068,-0.37,-1.017,0.3096,0.6544,0.5,-0.636,0.1836,0.0004,394,False
ma_dist_100_200,MA100/200距离,D,-0.1523,-0.367,-1.561,0.1196,0.4334,0.4983,-0.329,0.4152,0.0265,301,False
trend_strength_20d,趋势强度20日,L,-0.1178,-0.365,-2.839,0.0048,0.0638,0.4337,-1.459,0.3226,0.0178,362,True
kurt_20d,20日峰度,C,0.086,0.361,1.662,0.0974,0.3882,0.4777,0.704,0.2384,0.0138,381,False
obv_mom_20d,OBV动量20日,F,-0.0503,-0.359,-1.838,0.0669,0.2963,0.4789,-0.66,0.14,0.006,380,False
obv_roc_20d,OBV ROC 20日,Q,-0.0503,-0.359,-1.838,0.0669,0.301,0.4789,-0.66,0.14,0.006,380,False
asymmetry_60d,60日涨跌不对称,C,0.0879,0.353,2.286,0.0228,0.1552,0.5175,1.222,0.2488,0.0024,400,False
kurt_60d,60日峰度,C,-0.0748,-0.349,0.736,0.4623,0.7817,0.5191,0.184,0.2143,0.0059,341,False
fractal_eff_20d,分形效率20日,L,-0.0646,-0.344,-1.712,0.0877,0.3598,0.4675,-0.845,0.1876,0.0069,400,False
mom_40d,40日动量,A,-0.0363,-0.342,-0.588,0.5568,0.8777,0.5025,0.026,0.1063,0.0001,400,False
ret_dispersion_10d,收益离散度 10日,S,0.0614,0.339,0.491,0.6237,0.8701,0.5303,0.042,0.1812,0.0079,396,False
mom50d_vol60d,动量50×波60,K,-0.0735,-0.336,-0.987,0.3241,0.6649,0.469,0.154,0.2186,0.0052,371,False
large_order_20d_3s,20日大单3σ,F,-0.0518,-0.327,-0.615,0.5388,0.8541,0.475,-0.57,0.1583,0.0,400,False
mom5d_vol20d,动量5×波20,K,0.0423,0.32,1.152,0.2501,0.6121,0.5115,0.549,0.1319,0.0127,391,False
mom50d_vol10d,动量50×波10,K,-0.0728,-0.319,-1.474,0.1412,0.4804,0.4722,-0.104,0.2281,0.0088,396,False
near_high_20d,近20日高,M,0.0493,0.319,1.885,0.0602,0.2799,0.509,0.322,0.1546,0.0009,391,False
mom_5d,5日动量,A,0.039,0.316,1.384,0.1672,0.5183,0.5125,0.344,0.1233,0.0153,400,False
trend_strength_14d,趋势强度14日,L,-0.122,-0.314,-2.958,0.0033,0.0542,0.4439,-0.894,0.3891,0.0001,374,True
ema_dist_50,EMA50距离,D,-0.044,-0.31,-0.183,0.8552,1.0,0.4707,-0.06,0.1419,0.0,376,False
vol_cone_60d,波动率锥60日,B,0.063,0.308,0.947,0.3442,0.6959,0.5175,-0.102,0.2042,0.0499,400,False
hurst_20d,Hurst 20日,L,-0.0537,-0.307,-0.459,0.6466,0.8843,0.465,-0.073,0.1753,0.0019,400,False
parkinson_vol_60d,Parkinson 60日,B,0.0731,0.304,1.657,0.0983,0.3863,0.5526,0.506,0.2407,0.0118,371,False
rsi7_vol_ratio,RSI7×量比,K,-0.0646,-0.304,-1.229,0.2199,0.5788,0.4936,-0.255,0.2127,0.0048,391,False
near_high_120d,近120日高,M,-0.0872,-0.304,-0.791,0.4295,0.7537,0.4663,-0.333,0.2871,0.0051,341,False
mom_rank_20d,动量排名 20日分位,S,0.079,0.304,2.537,0.0116,0.1011,0.5543,1.082,0.2603,0.0433,341,False
mom_60d,60日动量,A,-0.0759,-0.303,-1.057,0.2912,0.65,0.465,-0.285,0.2505,0.0027,400,False
tail_events_60d_2s,60日2σ尾部,C,-0.0613,-0.301,-2.062,0.0398,0.2135,0.455,-0.247,0.2038,0.0023,400,False
mom_rank_10d,动量排名 10日分位,S,0.0792,0.298,2.131,0.0338,0.205,0.5279,0.801,0.2662,0.0306,341,False
near_low_60d,近60日低,M,-0.0926,-0.296,-0.668,0.5044,0.8278,0.4205,-0.169,0.3124,0.0182,371,False
fractal_eff_50d,分形效率50日,L,0.0942,0.295,3.105,0.002,0.0372,0.515,1.002,0.3192,0.0015,400,False
yz_vol_60d,YZ波动率 60日,O,0.0654,0.294,1.318,0.1882,0.5358,0.531,0.384,0.2227,0.0172,371,False
rsi_50,RSI(50),E,-0.0665,-0.291,-2.055,0.0405,0.2132,0.465,-0.779,0.2284,0.0019,400,False
gk_vol_60d,GK波动率 60日,O,0.0678,0.291,1.394,0.164,0.5141,0.5256,0.385,0.2332,0.0201,371,False
mom_180d,180日动量,A,-0.0423,-0.29,-0.58,0.5621,0.8761,0.4875,0.019,0.1459,0.0285,400,False
obv_ma_cross_10_50,OBV MA10/50交叉,Q,-0.0854,-0.29,-2.722,0.0068,0.0703,0.484,-0.757,0.2946,0.0332,376,False
obv_price_confirm_10d,OBV确认10日,K,0.0328,0.288,0.652,0.5149,0.8352,0.5179,0.327,0.1138,0.0031,390,False
ma_cross_10_20,MA10/20交叉,D,-0.0748,-0.279,-0.401,0.6889,0.9285,0.4476,-0.151,0.2681,0.0001,391,False
upper_wick_ratio_5d,上影线比5日,M,-0.0404,-0.278,-0.163,0.8702,1.0,0.4837,-0.609,0.1451,0.0072,399,False
lower_wick_ratio_5d,下影线比5日,M,0.0404,0.278,0.163,0.8702,1.0,0.5038,0.609,0.1451,0.0072,399,False
ma_dist_10_50,MA10/50距离,D,-0.0557,-0.277,-0.568,0.5704,0.8696,0.4707,-0.201,0.2009,0.0005,376,False
vol_ratio_20_100,量比(20/100),F,-0.0817,-0.277,-1.16,0.2468,0.6094,0.4672,-0.604,0.2949,0.0055,351,False
gk_vol_20d,GK波动率 20日,O,0.0521,0.277,0.184,0.8539,1.0,0.5013,0.48,0.1884,0.0004,391,False
mom_1d,1日动量,A,-0.0206,-0.276,-0.494,0.6219,0.8719,0.48,-0.144,0.0746,0.0053,400,False
rs_vol_20d,RS波动率 20日,O,0.0545,0.274,0.199,0.8427,1.0,0.5038,0.394,0.1992,0.0004,391,False
near_high_60d,近60日高,M,-0.0554,-0.268,-0.823,0.4109,0.7349,0.4717,0.207,0.2071,0.0281,371,False
rs_vol_60d,RS波动率 60日,O,0.0578,0.266,1.144,0.2532,0.6143,0.5202,0.309,0.2171,0.0206,371,False
vol_30d,30日波动率,B,0.0596,0.265,0.865,0.3878,0.7514,0.5026,0.44,0.2251,0.0003,386,False
upper_wick_ratio_10d,上影线比10日,M,0.0373,0.262,0.566,0.5718,0.8623,0.5152,0.542,0.1426,0.0058,396,False
lower_wick_ratio_10d,下影线比10日,M,-0.0373,-0.262,-0.566,0.5718,0.867,0.4722,-0.542,0.1426,0.0058,396,False
power_shift_10d,力量转向 10日,R,-0.0494,-0.262,-1.198,0.2316,0.5983,0.4793,-0.357,0.1886,0.0034,386,False
rsi_14,RSI(14),E,-0.0564,-0.259,-1.429,0.1539,0.5052,0.4825,-0.066,0.218,0.0087,400,False
near_low_20d,近20日低,M,-0.0544,-0.258,-0.546,0.5853,0.8686,0.4629,-0.013,0.2109,0.0134,391,False
gk_vol_10d,GK波动率 10日,O,-0.0466,-0.257,-1.009,0.3136,0.6579,0.4899,-0.06,0.1811,0.002,396,False
mom5d_vol10d,动量5×波10,K,0.0344,0.254,0.807,0.42,0.7464,0.5101,0.503,0.1354,0.0107,396,False
ma_cross_10_50,MA10/50交叉,D,-0.0556,-0.244,0.051,0.9593,1.0,0.4495,0.047,0.2279,0.0,376,False
vwap_dev_5d,VWAP偏离 5日,P,-0.0174,-0.239,0.099,0.9215,1.0,0.4837,0.086,0.0729,0.0045,399,False
upper_wick_ratio_20d,上影线比20日,M,-0.067,-0.236,-0.862,0.3892,0.7387,0.4757,-0.417,0.2835,0.0012,391,False
lower_wick_ratio_20d,下影线比20日,M,0.067,0.236,0.862,0.3892,0.7337,0.5115,0.417,0.2835,0.0012,391,False
mom_50d,50日动量,A,-0.0568,-0.235,-0.933,0.3512,0.7049,0.4775,0.137,0.242,0.0131,400,False
yz_vol_20d,YZ波动率 20日,O,0.0476,0.229,0.115,0.9088,1.0,0.4885,0.556,0.2076,0.0005,391,False
parkinson_ratio_10d,Parkinson比 10日,O,0.0454,0.229,1.43,0.1536,0.5102,0.5177,0.266,0.1986,0.0345,396,False
co_ratio_5d,收/开比5日,N,0.0267,0.228,1.141,0.2547,0.6074,0.4987,0.237,0.1171,0.0116,399,False
obv_mom_5d,OBV动量5日,F,-0.0421,-0.223,-1.585,0.1139,0.4181,0.4937,-0.669,0.1884,0.0031,395,False
obv_roc_5d,OBV ROC 5日,Q,-0.0421,-0.223,-1.585,0.1139,0.4237,0.4937,-0.669,0.1884,0.0031,395,False
autocorr_5d,自相关lag5,L,0.0612,0.219,1.142,0.2543,0.6116,0.5364,0.211,0.2794,0.0015,371,False
mom_accel_10d_50d,10-50日动量差,A,0.052,0.217,1.396,0.1635,0.5184,0.495,0.736,0.2396,0.0016,400,False
mom20d_vol10d,动量20×波10,K,-0.0466,-0.214,-0.164,0.8695,1.0,0.4874,0.016,0.2178,0.0157,396,False
yz_vol_10d,YZ波动率 10日,O,-0.0421,-0.211,-1.04,0.2988,0.6413,0.4874,0.078,0.1994,0.0014,396,False
ma_dist_5_60,MA5/60距离,D,-0.0434,-0.208,-0.522,0.6023,0.8662,0.4528,0.25,0.2092,0.0013,371,False
ret_dispersion_5d,收益离散度 5日,S,0.0341,0.196,-0.58,0.562,0.8809,0.4937,-0.669,0.1734,0.0011,399,False
trend_strength_30d,趋势强度30日,L,-0.0725,-0.193,-2.389,0.0175,0.1395,0.4094,-0.89,0.3756,0.0886,342,False
range_pct_20d,20日振幅,B,0.0422,0.191,0.207,0.8359,1.0,0.4987,0.491,0.2203,0.0,391,False
mom_ratio_20_100,动量比 20/100日,S,-0.0342,-0.189,-0.58,0.5624,0.8717,0.505,-0.365,0.1816,0.0005,400,False
parkinson_vol_20d,Parkinson 20日,B,0.035,0.188,-0.021,0.9836,1.0,0.4962,0.463,0.1864,0.0003,391,False
power_shift_5d,力量转向 5日,R,0.0416,0.187,1.424,0.1553,0.5038,0.4746,0.085,0.2218,0.001,394,False
skew_kurt_60d,偏度×峰度60,K,0.0403,0.181,1.587,0.1134,0.4275,0.5308,-0.112,0.2222,0.0053,341,False
mom_accel_5d_20d,5-20日动量差,A,0.0357,0.179,-0.001,0.9991,1.0,0.4975,0.273,0.1995,0.0012,400,False
mom_2d,2日动量,A,-0.0184,-0.172,-0.228,0.8201,1.0,0.5,-0.342,0.1071,0.0026,400,False
mfi_30,MFI(30),P,0.0494,0.171,0.785,0.4327,0.7545,0.5121,0.346,0.2899,0.008,371,False
bb_width_50_2,"BB带宽(50,2)",E,-0.0528,-0.169,0.854,0.3934,0.7317,0.4894,0.147,0.3121,0.021,376,False
vwap_dev_50d,VWAP偏离 50日,P,-0.0275,-0.169,-0.056,0.9557,1.0,0.4707,0.008,0.1627,0.0,376,False
mfi_7,MFI(7),P,0.0253,0.154,0.462,0.6447,0.8905,0.5127,0.459,0.1641,0.0007,394,False
mom_accel_5d_10d,5-10日动量差,A,0.0384,0.151,0.346,0.7296,0.9786,0.5225,0.062,0.2551,0.0,400,False
fractal_eff_10d,分形效率10日,L,-0.0352,-0.151,-1.303,0.1933,0.5393,0.4925,-0.412,0.2339,0.0006,400,False
obv_price_corr_20d,OBV价格相关 20日,Q,0.0328,0.151,0.764,0.4454,0.7624,0.4936,0.004,0.217,0.0003,391,False
mom_accel_10d_30d,10-30日动量差,A,0.0241,0.15,0.216,0.829,1.0,0.5275,0.299,0.1608,0.0028,400,False
rs_vol_10d,RS波动率 10日,O,-0.0305,-0.142,-0.997,0.3191,0.6644,0.4798,0.252,0.2156,0.0019,396,False
ma_cross_20_60,MA20/60交叉,D,-0.0259,-0.134,-0.64,0.5225,0.8378,0.4744,-0.287,0.1934,0.0,371,False
mom_7d,7日动量,A,0.0245,0.129,1.24,0.2156,0.5784,0.5075,0.397,0.1903,0.0168,400,False
ma_slope_10,MA10斜率,D,0.0366,0.128,1.11,0.2679,0.6127,0.4706,0.522,0.2861,0.0005,391,False
autocorr_10d,自相关lag10,L,-0.0391,-0.123,-1.349,0.1783,0.5236,0.4798,-0.458,0.3191,0.0054,371,False
asymmetry_20d,20日涨跌不对称,C,0.035,0.121,0.854,0.3936,0.7272,0.46,0.731,0.2902,0.0383,400,False
mom20d_vol20d,动量20×波20,K,-0.0273,-0.118,0.516,0.6058,0.8536,0.4834,0.184,0.2314,0.0283,391,False
path_smoothness_50d,路径平滑度 50日,S,0.0385,0.115,1.129,0.2596,0.6138,0.4787,0.293,0.3358,0.0064,376,False
mom_10d,10日动量,A,0.0245,0.113,0.863,0.3888,0.743,0.51,0.679,0.2161,0.0035,400,False
close_location_20d,收盘位置 20日,P,0.0173,0.113,1.362,0.174,0.5277,0.4987,0.422,0.1528,0.046,391,False
buy_power_20d,买方力量 20日,R,0.0173,0.113,1.362,0.174,0.522,0.4987,0.422,0.1528,0.046,391,False
sell_power_20d,卖方力量 20日,R,-0.0173,-0.113,-1.362,0.174,0.5335,0.4885,-0.422,0.1528,0.046,391,False
mom_20d,20日动量,A,-0.023,-0.108,0.732,0.4646,0.7809,0.5,0.13,0.212,0.0095,400,False
co_ratio_10d,收/开比10日,N,0.0233,0.105,0.873,0.3831,0.758,0.5076,0.548,0.2222,0.0009,396,False
obv_price_corr_50d,OBV价格相关 50日,Q,-0.0378,-0.104,0.017,0.9862,1.0,0.4441,-0.657,0.3646,0.0148,376,False
rsi_7,RSI(7),E,-0.0213,-0.102,-0.526,0.5995,0.8803,0.51,0.151,0.2086,0.0008,400,False
cci_14,CCI(14),E,0.0198,0.1,0.905,0.3658,0.729,0.54,0.31,0.1987,0.0065,400,False
mom_250d,250日动量,A,0.009,0.095,0.845,0.3988,0.7225,0.515,0.354,0.0951,0.081,400,False
ma_dist_5_20,MA5/20距离,D,0.0266,0.093,1.238,0.2166,0.5755,0.468,0.858,0.2847,0.0006,391,False
close_location_10d,收盘位置 10日,P,-0.0186,-0.092,0.088,0.9297,1.0,0.4899,0.074,0.201,0.0164,396,False
buy_power_10d,买方力量 10日,R,-0.0186,-0.092,0.088,0.9297,1.0,0.4899,0.074,0.201,0.0164,396,False
sell_power_10d,卖方力量 10日,R,0.0186,0.092,-0.088,0.9297,1.0,0.4975,-0.074,0.201,0.0164,396,False
mom_30d,30日动量,A,0.0099,0.09,0.289,0.7724,1.0,0.49,0.417,0.1102,0.0012,400,False
mom_ratio_5_20,动量比 5/20日,S,0.0164,0.088,0.234,0.815,1.0,0.5275,0.338,0.1864,0.003,400,False
parkinson_ratio_20d,Parkinson比 20日,O,0.0211,0.085,1.193,0.2335,0.5869,0.4706,0.405,0.2483,0.002,391,False
max_dd_60d,60日最大回撤,A,0.0159,0.084,0.298,0.7661,1.0,0.4775,0.619,0.1891,0.0518,400,False
ema_dist_12,EMA12距离,D,0.016,0.084,1.056,0.2917,0.6459,0.5215,0.067,0.1908,0.0075,395,False
vol_20d,20日波动率,B,-0.0137,-0.07,-0.459,0.6466,0.8887,0.4885,-0.132,0.1952,0.0,391,False
vol_120d,120日波动率,B,0.0154,0.069,0.402,0.6881,0.9319,0.5132,0.401,0.2242,0.0221,341,False
kurt_120d,120日峰度,C,0.0231,0.068,1.52,0.1296,0.4464,0.5231,0.95,0.3409,0.0004,281,False
ma_cross_50_100,MA50/100交叉,D,0.0259,0.066,0.864,0.3881,0.7468,0.5157,0.521,0.3917,0.0038,351,False
mfi_change_14,MFI(14)变化,P,0.0064,0.063,0.143,0.8868,1.0,0.4818,0.135,0.1007,0.0246,384,False
mom10d_vol60d,动量10×波60,K,0.0141,0.062,0.67,0.5034,0.8311,0.504,0.574,0.2268,0.0112,371,False
vwap_dev_10d,VWAP偏离 10日,P,0.0093,0.06,0.666,0.5057,0.8251,0.5025,0.149,0.1546,0.0072,396,False
sharpe_120d,120日滚动Sharpe,A,0.006,0.059,1.05,0.2943,0.6465,0.5191,0.355,0.1021,0.0008,341,False
ema_dist_26,EMA26距离,D,-0.0102,-0.059,0.643,0.5206,0.8396,0.5052,0.105,0.1741,0.0029,388,False
ma_cross_20_100,MA20/100交叉,D,0.0184,0.058,0.73,0.4661,0.7787,0.5014,0.382,0.3144,0.0,351,False
mom_120d,120日动量,A,0.0137,0.054,0.848,0.3967,0.7234,0.5275,0.512,0.2548,0.0022,400,False
obv_price_corr_10d,OBV价格相关 10日,Q,-0.006,-0.051,1.196,0.2324,0.5949,0.4596,-0.17,0.1174,0.0144,396,False
ma_cross_5_60,MA5/60交叉,D,-0.0121,-0.049,0.843,0.4,0.72,0.4717,0.397,0.2454,0.0,371,False
mom10d_vol20d,动量10×波20,K,0.0131,0.048,0.523,0.6013,0.8692,0.5115,0.463,0.2716,0.0074,391,False
atr_pct_5d,ATR% 5日,N,0.0105,0.047,0.294,0.7687,1.0,0.509,0.361,0.2225,0.0058,387,False
atr_pct_10d,ATR% 10日,N,0.0105,0.047,0.294,0.7687,1.0,0.509,0.361,0.2225,0.0058,387,False
atr_pct_20d,ATR% 20日,N,0.0105,0.047,0.294,0.7687,1.0,0.509,0.361,0.2225,0.0058,387,False
vwap_slope_5d,VWAP斜率 5日,P,0.0106,0.045,1.044,0.2969,0.6471,0.487,0.257,0.2354,0.0,386,False
vwap_dev_20d,VWAP偏离 20日,P,0.0093,0.042,1.099,0.2724,0.6179,0.5141,0.298,0.2214,0.0081,391,False
ma_cross_5_20,MA5/20交叉,D,-0.011,-0.038,0.713,0.4766,0.7915,0.4808,0.293,0.2929,0.0,391,False
mom_ratio_10_50,动量比 10/50日,S,0.0113,0.037,-0.871,0.3841,0.7494,0.505,-0.513,0.3077,0.0117,400,False
cci_20,CCI(20),E,-0.0071,-0.031,0.527,0.5982,0.8831,0.515,0.202,0.2324,0.0116,400,False
mfi_14,MFI(14),P,0.0077,0.028,0.578,0.5634,0.8684,0.4935,0.309,0.2728,0.0024,387,False
bb_position_20_2,"BB位置(20,2)",E,-0.0057,-0.025,0.749,0.4544,0.773,0.5141,0.389,0.2297,0.0109,391,False
mom_3d,3日动量,A,0.0023,0.024,0.56,0.5758,0.8637,0.495,0.173,0.0957,0.0031,400,False
ma_slope_20,MA20斜率,D,-0.0054,-0.024,0.781,0.4353,0.7543,0.4663,0.111,0.2287,0.0003,386,False
mom10d_vol10d,动量10×波10,K,-0.0059,-0.024,-0.084,0.9332,1.0,0.5101,0.543,0.2404,0.0038,396,False
mfi_21,MFI(21),P,0.0061,0.022,0.524,0.6005,0.8726,0.5053,0.154,0.2824,0.0,380,False
close_location_5d,收盘位置 5日,P,0.003,0.022,0.517,0.6055,0.8663,0.4912,0.134,0.1336,0.0006,399,False
buy_power_5d,买方力量 5日,R,0.003,0.022,0.517,0.6055,0.8575,0.4912,0.134,0.1336,0.0006,399,False
sell_power_5d,卖方力量 5日,R,-0.003,-0.022,-0.517,0.6055,0.8619,0.4962,-0.134,0.1336,0.0006,399,False
bb_position_50_2,"BB位置(50,2)",E,0.0044,0.02,0.964,0.3354,0.683,0.484,0.341,0.2176,0.0206,376,False
tail_events_20d_2s,20日2σ尾部,C,-0.0044,-0.018,-0.568,0.5703,0.8743,0.49,-0.432,0.247,0.0,400,False
bb_position_20_1.5,"BB位置(20,1.5)",E,-0.0041,-0.018,0.856,0.3923,0.7346,0.5141,0.37,0.2247,0.0126,391,False
sharpe_10d,10日滚动Sharpe,A,-0.0041,-0.017,-0.015,0.9881,1.0,0.5051,0.581,0.2425,0.0014,396,False
mom_rank_50d,动量排名 50日分位,S,-0.0031,-0.017,0.106,0.9158,1.0,0.4622,-0.003,0.1851,0.0942,251,False
sharpe_20d,20日滚动Sharpe,A,-0.0037,-0.016,1.06,0.29,0.6525,0.4834,0.278,0.2327,0.0146,391,False
max_dd_120d,120日最大回撤,A,-0.0019,-0.013,0.801,0.4233,0.7475,0.4975,0.48,0.1439,0.016,400,False
ma_dist_10_20,MA10/20距离,D,0.0032,0.012,1.041,0.2985,0.6456,0.4578,0.544,0.2717,0.0,391,False
mom_14d,14日动量,A,-0.0025,-0.011,1.166,0.2442,0.6083,0.4725,0.555,0.2388,0.0032,400,False
obv_roc_3d,OBV ROC 3日,Q,-0.0016,-0.011,0.196,0.8448,1.0,0.529,-0.129,0.1544,0.0035,397,False
mom20d_vol60d,动量20×波60,K,0.002,0.01,1.194,0.2332,0.5915,0.4879,0.284,0.2133,0.0139,371,False
vol_change_60d,60日波动率变化,B,0.0013,0.006,0.873,0.3832,0.7529,0.5045,0.428,0.2308,0.0102,331,False
co_ratio_20d,收/开比20日,N,0.0012,0.005,1.122,0.2626,0.6157,0.491,0.286,0.2205,0.0022,391,False
btc_eth_corr_10d,BTC-ETH相关 10日,T,0.0,0.0,0.0,1.0,1.0,0.0125,0.0,0.1,0.0,400,False
btc_eth_beta_10d,BTC-ETH Beta 10日,T,0.0,0.0,0.0,1.0,1.0,0.0125,0.0,0.1,0.0,400,False
btc_eth_residual_10d,BTC-ETH残差 10日,T,0.0,0.0,0.0,1.0,1.0,0.0125,0.0,0.1,0.0,400,False
btc_eth_corr_20d,BTC-ETH相关 20日,T,0.0,0.0,0.0,1.0,1.0,0.0125,0.0,0.1,0.0,400,False
btc_eth_beta_20d,BTC-ETH Beta 20日,T,0.0,0.0,0.0,1.0,1.0,0.0125,0.0,0.1,0.0,400,False
btc_eth_residual_20d,BTC-ETH残差 20日,T,0.0,0.0,0.0,1.0,1.0,0.0125,0.0,0.1,0.0,400,False
btc_eth_corr_60d,BTC-ETH相关 60日,T,0.0,0.0,0.0,1.0,1.0,0.0125,0.0,0.1,0.0,400,False
btc_eth_beta_60d,BTC-ETH Beta 60日,T,0.0,0.0,0.0,1.0,1.0,0.0125,0.0,0.1,0.0,400,False
btc_eth_residual_60d,BTC-ETH残差 60日,T,0.0,0.0,0.0,1.0,1.0,0.0125,0.0,0.1,0.0,400,False
corr_SPY_10d,SPY相关 10日,T,0.0,0.0,0.0,1.0,1.0,0.0125,0.0,0.1,0.0,400,False
beta_SPY_10d,SPY Beta 10日,T,0.0,0.0,0.0,1.0,1.0,0.0125,0.0,0.1,0.0,400,False
corr_SPY_20d,SPY相关 20日,T,0.0,0.0,0.0,1.0,1.0,0.0125,0.0,0.1,0.0,400,False
beta_SPY_20d,SPY Beta 20日,T,0.0,0.0,0.0,1.0,1.0,0.0125,0.0,0.1,0.0,400,False
corr_SPY_50d,SPY相关 50日,T,0.0,0.0,0.0,1.0,1.0,0.0125,0.0,0.1,0.0,400,False
beta_SPY_50d,SPY Beta 50日,T,0.0,0.0,0.0,1.0,1.0,0.0125,0.0,0.1,0.0,400,False
corr_QQQ_10d,QQQ相关 10日,T,0.0,0.0,0.0,1.0,1.0,0.0125,0.0,0.1,0.0,400,False
beta_QQQ_10d,QQQ Beta 10日,T,0.0,0.0,0.0,1.0,1.0,0.0125,0.0,0.1,0.0,400,False
corr_QQQ_20d,QQQ相关 20日,T,0.0,0.0,0.0,1.0,1.0,0.0125,0.0,0.1,0.0,400,False
beta_QQQ_20d,QQQ Beta 20日,T,0.0,0.0,0.0,1.0,1.0,0.0125,0.0,0.1,0.0,400,False
corr_QQQ_50d,QQQ相关 50日,T,0.0,0.0,0.0,1.0,1.0,0.0125,0.0,0.1,0.0,400,False
beta_QQQ_50d,QQQ Beta 50日,T,0.0,0.0,0.0,1.0,1.0,0.0125,0.0,0.1,0.0,400,False
corr_GLD_10d,GLD相关 10日,T,0.0,0.0,0.0,1.0,1.0,0.0125,0.0,0.1,0.0,400,False
beta_GLD_10d,GLD Beta 10日,T,0.0,0.0,0.0,1.0,1.0,0.0125,0.0,0.1,0.0,400,False
corr_GLD_20d,GLD相关 20日,T,0.0,0.0,0.0,1.0,1.0,0.0125,0.0,0.1,0.0,400,False
beta_GLD_20d,GLD Beta 20日,T,0.0,0.0,0.0,1.0,1.0,0.0125,0.0,0.1,0.0,400,False
corr_GLD_50d,GLD相关 50日,T,0.0,0.0,0.0,1.0,1.0,0.0125,0.0,0.1,0.0,400,False
beta_GLD_50d,GLD Beta 50日,T,0.0,0.0,0.0,1.0,1.0,0.0125,0.0,0.1,0.0,400,False
corr_DXY_10d,DXY相关 10日,T,0.0,0.0,0.0,1.0,1.0,0.0125,0.0,0.1,0.0,400,False
beta_DXY_10d,DXY Beta 10日,T,0.0,0.0,0.0,1.0,1.0,0.0125,0.0,0.1,0.0,400,False
corr_DXY_20d,DXY相关 20日,T,0.0,0.0,0.0,1.0,1.0,0.0125,0.0,0.1,0.0,400,False
beta_DXY_20d,DXY Beta 20日,T,0.0,0.0,0.0,1.0,1.0,0.0125,0.0,0.1,0.0,400,False
corr_DXY_50d,DXY相关 50日,T,0.0,0.0,0.0,1.0,1.0,0.0125,0.0,0.1,0.0,400,False
beta_DXY_50d,DXY Beta 50日,T,0.0,0.0,0.0,1.0,1.0,0.0125,0.0,0.1,0.0,400,False
corr_VIX_10d,VIX相关 10日,T,0.0,0.0,0.0,1.0,1.0,0.0125,0.0,0.1,0.0,400,False
beta_VIX_10d,VIX Beta 10日,T,0.0,0.0,0.0,1.0,1.0,0.0125,0.0,0.1,0.0,400,False
corr_VIX_20d,VIX相关 20日,T,0.0,0.0,0.0,1.0,1.0,0.0125,0.0,0.1,0.0,400,False
beta_VIX_20d,VIX Beta 20日,T,0.0,0.0,0.0,1.0,1.0,0.0125,0.0,0.1,0.0,400,False
corr_VIX_50d,VIX相关 50日,T,0.0,0.0,0.0,1.0,1.0,0.0125,0.0,0.1,0.0,400,False
beta_VIX_50d,VIX Beta 50日,T,0.0,0.0,0.0,1.0,1.0,0.0125,0.0,0.1,0.0,400,False
